<?xml version="1.0" encoding="UTF-8"?>
<ciudades>
    <ciudad id="1">
        <nombre>Cuenca</nombre>
        <temperatura>12</temperatura>
        <presion>1000</presion>
        <nombreApe apellido="Apellido">Juan</nombreApe>
    </ciudad>
    <ciudad id="2">
        <nombre>Madrid</nombre>
        <temperatura>23</temperatura>
        <presion>2000</presion>
        <nombreApe apellido="Apellido1">Juan2</nombreApe>
    </ciudad>
    <ciudad id="3">
        <nombre>Barcelona</nombre>
        <temperatura>12</temperatura>
        <presion>2001</presion>
        <nombreApe apellido="Apellido2">Juan3</nombreApe>
    </ciudad>
    <ciudad id="4">
        <nombre>Alicante</nombre>
        <temperatura>5</temperatura>
        <presion>1200</presion>
        <nombreApe apellido="Apellido3">Juan4</nombreApe>
    </ciudad>
    <ciudad id="5">
        <nombre>New York</nombre>
        <temperatura>1</temperatura>
        <presion>850</presion>
        <nombreApe apellido="Apellido4">Juan5</nombreApe>
    </ciudad>
</ciudades>