<?xml version="1.0" encoding="UTF-8" standalone="no"?><ciclistas2><CICLISTA dorsal="1"><NOMBRE>Miguel Indurain</NOMBRE><EDAD>21</EDAD><NOMEQ>Banesto</NOMEQ></CICLISTA><CICLISTA dorsal="2"><NOMBRE>Pedro Delgado</NOMBRE><EDAD>29</EDAD><NOMEQ>Banesto</NOMEQ></CICLISTA><CICLISTA dorsal="3"><NOMBRE>Alex Zulle</NOMBRE><EDAD>20</EDAD><NOMEQ>Navigare</NOMEQ></CICLISTA><CICLISTA dorsal="4"><NOMBRE>Alessio Di Basco</NOMBRE><EDAD>30</EDAD><NOMEQ>TVM</NOMEQ></CICLISTA><CICLISTA dorsal="5"><NOMBRE>Armand</NOMBRE><EDAD>17</EDAD><NOMEQ>Amore Vita</NOMEQ></CICLISTA><CICLISTA dorsal="8"><NOMBRE>Jean Van Poppel</NOMBRE><EDAD>24</EDAD><NOMEQ>Bresciali-Refin</NOMEQ></CICLISTA><CICLISTA dorsal="9"><NOMBRE>Maximo Podel</NOMBRE><EDAD>17</EDAD><NOMEQ>Telecom</NOMEQ></CICLISTA><CICLISTA dorsal="10"><NOMBRE>Mario Cipollini</NOMBRE><EDAD>31</EDAD><NOMEQ>Carrera</NOMEQ></CICLISTA><CICLISTA dorsal="11"><NOMBRE>Eddy Seigneur</NOMBRE><EDAD>20</EDAD><NOMEQ>Amore Vita</NOMEQ></CICLISTA><CICLISTA dorsal="12"><NOMBRE>Alessio Di Basco</NOMBRE><EDAD>34</EDAD><NOMEQ>Bresciali-Refin</NOMEQ></CICLISTA><CICLISTA dorsal="13"><NOMBRE>Gianni Bugno</NOMBRE><EDAD>24</EDAD><NOMEQ>Gatorade</NOMEQ></CICLISTA><CICLISTA dorsal="15"><NOMBRE>Jesus Montoya</NOMBRE><EDAD>25</EDAD><NOMEQ>Amore Vita</NOMEQ></CICLISTA><CICLISTA dorsal="16"><NOMBRE>Dimitri Konishev</NOMBRE><EDAD>27</EDAD><NOMEQ>Amore Vita</NOMEQ></CICLISTA><CICLISTA dorsal="17"><NOMBRE>Bruno Lealli</NOMBRE><EDAD>30</EDAD><NOMEQ>Amore Vita</NOMEQ></CICLISTA><CICLISTA dorsal="20"><NOMBRE>Alfonso Gutiérrez</NOMBRE><EDAD>27</EDAD><NOMEQ>Navigare</NOMEQ></CICLISTA><CICLISTA dorsal="22"><NOMBRE>Giorgio Furlan</NOMBRE><EDAD>22</EDAD><NOMEQ>Kelme</NOMEQ></CICLISTA><CICLISTA dorsal="26"><NOMBRE>Mikel Zarrabeitia</NOMBRE><EDAD>30</EDAD><NOMEQ>Carrera</NOMEQ></CICLISTA><CICLISTA dorsal="27"><NOMBRE>Laurent Jalabert</NOMBRE><EDAD>22</EDAD><NOMEQ>Banesto</NOMEQ></CICLISTA><CICLISTA dorsal="30"><NOMBRE>Melchor Mauri</NOMBRE><EDAD>26</EDAD><NOMEQ>Mapei-Clas</NOMEQ></CICLISTA><CICLISTA dorsal="31"><NOMBRE>Per Pedersen</NOMBRE><EDAD>33</EDAD><NOMEQ>Banesto</NOMEQ></CICLISTA><CICLISTA dorsal="32"><NOMBRE>Tony Rominger</NOMBRE><EDAD>31</EDAD><NOMEQ>Kelme</NOMEQ></CICLISTA><CICLISTA dorsal="33"><NOMBRE>Stefenao della Sveitia</NOMBRE><EDAD>26</EDAD><NOMEQ>Amore Vita</NOMEQ></CICLISTA><CICLISTA dorsal="34"><NOMBRE>Clauido Chiapucci</NOMBRE><EDAD>23</EDAD><NOMEQ>Amore Vita</NOMEQ></CICLISTA><CICLISTA dorsal="35"><NOMBRE>Gian Mateo Faluca</NOMBRE><EDAD>34</EDAD><NOMEQ>TVM</NOMEQ></CICLISTA></ciclistas2>